Barcode,Description,Category,Supplier,Cost,Price1,Price2,Price3,Quantity,MinStock,Unit,Variants
4800110026497,HOMI BEEF/CHICKEN 55G (72 S),Food & Beverages,HOMI FOODS,12.50,15.00,14.50,14.00,100,10,pcs,
4807770271229,LM PANCIT CANTON 80GX72 CS,Food & Beverages,GRUPO MARILEN,13.30,14.59,14.59,14.59,50,5,pcs,4807770273711;4807770273704;4807770274305
4800130100023,GINEBRA SAN MIGUEL 350ML PER PC PIECE,Beverages,GINEBRA SAN MIGUEL,45.00,55.00,52.00,50.00,25,5,bottle,
4800361410816,BEAR BRAND SWAK 10PESOS 33G X 192 CS,Food & Beverages,NESTLE,8.50,10.00,9.50,9.00,200,20,pack,
8998666001726,KOPIKO BLANCA TWIN PACK 52GX10 SX12 CS,Beverages,KOPIKO,25.00,30.00,28.00,27.00,75,10,pack,
500012,CHIPS/KORNICK (12 S) (20 B) I12,Snacks,LOCAL SUPPLIER,5.00,8.00,7.50,7.00,150,15,pack,
YOSI,MARLBORO CIGARETTES,Tobacco,PHILIP MORRIS,85.00,95.00,92.00,90.00,50,5,pack,
8850006480762,PALMOLIVE SHAMPOO 15MLX432 CS,Health & Beauty,PALMOLIVE,3.50,5.00,4.50,4.00,300,30,sachet,
4800523443416,LOADED/CHOCO CHUM/CHIPS 32G,Snacks,RICOA,8.00,12.00,11.00,10.00,80,10,pack,
SBROWN 1/4,SUGAR BROWN WASH 0.25 LBS,Food & Beverages,LOCAL SUPPLIER,15.00,20.00,18.00,17.00,40,5,pack, 